date_utc,anchored_at_utc,runs,last_run_id,last_fetched_at,chain_head,chain_ok,code_sha256
2026-09-29,2026-09-29T04:39:20Z,70,70,2026-09-29T03:37:21Z,b6ce9f7570cc1fb0958b8588ed73ae2376decfb87acbfc659076fc9c51ebf820,true,0464d697589594b6f427be4d01e5f5fd7f7f9a4867281f00b6d212dcab5f6360
2026-09-30,2026-09-30T04:19:55Z,150,150,2026-09-30T03:41:38Z,6118d02f3d99a905daa3a5d96c4bb269f19ec3b7e43fd036e00323aa1623dd45,true,0464d697589594b6f427be4d01e5f5fd7f7f9a4867281f00b6d212dcab5f6360
2026-10-01,2026-10-01T04:17:20Z,230,230,2026-10-01T03:38:50Z,000c13597cc18263a6388a877f5c9fa05eed48213535843eba6f77f9faea4a13,true,0464d697589594b6f427be4d01e5f5fd7f7f9a4867281f00b6d212dcab5f6360
2026-10-02,2026-10-02T04:21:14Z,313,313,2026-10-02T03:37:53Z,ef3af203b34176f4418cde0a019100b53f3b3ea68845ad3ee26d9b2ea5810030,true,0464d697589594b6f427be4d01e5f5fd7f7f9a4867281f00b6d212dcab5f6360
2026-10-03,2026-10-03T04:20:18Z,394,394,2026-10-03T03:41:16Z,f971297588d5df820b48e760a85c979c4dda9b6a92665b7aa3b59c6f8bb1e23b,true,0464d697589594b6f427be4d01e5f5fd7f7f9a4867281f00b6d212dcab5f6360
2026-10-04,2026-10-04T04:18:29Z,472,472,2026-10-04T03:37:50Z,cf4a9365b6c57736e10d39216fe5a03d7118facd7891ab0102851b0cd81df0d0,true,0464d697589594b6f427be4d01e5f5fd7f7f9a4867281f00b6d212dcab5f6360
2026-10-05,2026-10-05T04:17:06Z,554,554,2026-10-05T03:41:36Z,460409e4b47a544dd4e7e94642f0cdc7d8eb2d075a4ca6af02fadb4ca4f8456e,true,0464d697589594b6f427be4d01e5f5fd7f7f9a4867281f00b6d212dcab5f6360
2026-10-06,2026-10-06T04:17:55Z,636,636,2026-10-06T03:39:35Z,723e418cbc3bf744e26df2017ea4d5f57e376c150a1ef2c935ae75ee182d48e8,true,0464d697589594b6f427be4d01e5f5fd7f7f9a4867281f00b6d212dcab5f6360
2026-10-07,2026-10-07T04:18:56Z,719,719,2026-10-07T03:38:27Z,fb63f149f02262ef988ccb2f719f6af467c366d853b79a8365b1c7125143907d,true,0464d697589594b6f427be4d01e5f5fd7f7f9a4867281f00b6d212dcab5f6360
